id;name;surname;email;phone;room_in
1;process improvement drive;microchip emulation;Lavon93@hotmail.com;"+3026379892552";52966
2;program Port;turn-key bandwidth synergies;Jacky81@gmail.com;"+7457251509381";6109
3;Canadian Dollar;Profit-focused communities Minnesota;Lawrence.Kovacek35@yahoo.com;"+417-0448115093";24350
4;Markets;Synergistic;Ralph2@yahoo.com;"5353246962";96750
5;Vietnam Nepalese Rupee;Table empower Practical;Susie.Rau56@hotmail.com;"+75101743168";45627
6;Strategist actuating Virginia;indexing JBOD;Sadye42@hotmail.com;"9331666209";47768
7;Ohio XSS;Car Home withdrawal;Gudrun_Runolfsson5@yahoo.com;"+8 0938055110";27872
8;yellow primary Credit Card Account;Martinique application;Ladarius1@yahoo.com;"7494584841";47740
9;Handcrafted Concrete Gloves;copying;Thaddeus.Bins@yahoo.com;"+3 5790977685";51080
10;RSS Chips Ball;capacitor;Rosalinda_Adams@yahoo.com;"+04093855693";71842
